{
 "tile": {
  "w": 418,
  "h": 334
 },
 "char_bbox": [
  1,
  0,
  395,
  333
 ],
 "eyes": [
  {
   "cx": 144.94385026737967,
   "cy": 107.96122994652407,
   "w": 109,
   "h": 86
  },
  {
   "cx": 228.98635477582846,
   "cy": 101.18908382066277,
   "w": 47,
   "h": 55
  }
 ],
 "nose": {
  "cx": 189.05732484076432,
  "cy": 126.17834394904459,
  "w": 76,
  "h": 62
 },
 "suit_top": 140,
 "collar_bottom": 201,
 "fractions": {
  "eye_cy": 0.3140395101609412,
  "eye_dx": 0.1066529245031076,
  "eye_w": 0.19796954314720813,
  "nose_cy": 0.3789139457929267,
  "suit_top": 0.42042042042042044,
  "collar_bottom": 0.6036036036036037
 },
 "parts": {
  "skin": {
   "size": [
    261,
    267
   ]
  },
  "suit": {
   "size": [
    277,
    223
   ]
  },
  "tie": {
   "size": [
    69,
    142
   ]
  },
  "hands": {
   "size": [
    370,
    272
   ]
  },
  "ears": {
   "size": [
    370,
    215
   ]
  },
  "eyes": {
   "size": [
    370,
    206
   ]
  },
  "nose": {
   "size": [
    88,
    76
   ]
  },
  "mouth": {
   "size": [
    133,
    59
   ]
  },
  "completed": {
   "size": [
    293,
    296
   ]
  }
 }
}